<?xml version="1.0" encoding="utf-8" ?>
<dwsync>
<file name="add.png" server="bluebeardproduzioni.com//public_html/" local="129143301900000000" remote="130109274600000000" Dst="2" />
<file name="ajax-loader.gif" server="bluebeardproduzioni.com//public_html/" local="130107801380000000" remote="130109274600000000" Dst="2" />
<file name="back.png" server="bluebeardproduzioni.com//public_html/" local="129143301880000000" remote="130109274600000000" Dst="2" />
<file name="check.png" server="bluebeardproduzioni.com//public_html/" local="129143301820000000" remote="130109274600000000" Dst="2" />
<file name="cancel.png" server="bluebeardproduzioni.com//public_html/" local="129143301840000000" remote="130109274600000000" Dst="2" />
<file name="delete.png" server="bluebeardproduzioni.com//public_html/" local="129143301820000000" remote="130109274600000000" Dst="2" />
<file name="down.png" server="bluebeardproduzioni.com//public_html/" local="130104557500000000" remote="130109274600000000" Dst="2" />
<file name="download.png" server="bluebeardproduzioni.com//public_html/" local="129143301800000000" remote="130109274600000000" Dst="2" />
<file name="edit.png" server="bluebeardproduzioni.com//public_html/" local="129143301780000000" remote="130109274600000000" Dst="2" />
<file name="next.png" server="bluebeardproduzioni.com//public_html/" local="129143301580000000" remote="130109274600000000" Dst="2" />
<file name="settings.png" server="bluebeardproduzioni.com//public_html/" local="129143301380000000" remote="130109274600000000" Dst="2" />
<file name="up.png" server="bluebeardproduzioni.com//public_html/" local="130104557320000000" remote="130109274600000000" Dst="2" />
</dwsync>